timestamp,session_id,name,phone,interest_projects,preferred_region,unit_type,budget_min,budget_max,purpose,timeline,next_step,lead_summary,tags,temperature,kb_version_hash
2026-03-18T16:55:28.558419,cfa4c9c4-7e6b,Ahmed Khaled,01012345678,Palm Hills October,West,Villa,5000000,7000000,Investment,Immediate,Schedule Visit,Ahmed Khaled is an investor interested in purchasing a villa at Palm Hills October for immediate acquisition. He is looking for a high-end property that aligns with his portfolio and has a budget ranging between 5M and 7M EGP.,"[""high-net-worth"", ""investment"", ""villa"", ""immediate interest"", ""premium buyer""]",Hot,3cf934e5b6731fbf30b4668da82eae03f94b803b48c33bc62361436fa4afe762
2026-03-18T15:15:30.180903,9da42d53-5dfa,Ahmed Mostafa,01012345678,St. 88,unknown,Villa,5000000,7000000,Investment,Immediate,Schedule Visit,Ahmed Mostafa is an investor looking to immediately purchase a villa in Project St. 88 with a budget of 5M-7M EGP. He is interested in exploring premium properties that offer high ROI potential in Egypt's booming real estate market.,"[""hot lead"", ""villa"", ""investment"", ""premium"", ""immediate timeline""]",Hot,3cf934e5b6731fbf30b4668da82eae03f94b803b48c33bc62361436fa4afe762
2026-03-17T13:17:18.771630,55e1f433-9199,Ahmed Khaled,01012345678,Badya,West,Villa,15000000,20000000,Investment,Immediate,Schedule Visit,Ahmed Khaled is a seasoned investor seeking a luxury villa in the prestigious Badya project for immediate acquisition. He values high-end developments with strong potential for appreciation and is ready to schedule a site visit at the earliest convenience.,"[""investment"", ""luxury"", ""villa"", ""high-budget"", ""immediate""]",Hot,3cf934e5b6731fbf30b4668da82eae03f94b803b48c33bc62361436fa4afe762
2026-03-16T19:15:43.507821,dde20450-fd5b,Ahmed Khaled,01012345678,Hacienda White,Coast,Villa,5500000,7000000,Personal Use,1-3 Months,Schedule Visit,Ahmed Khaled is interested in purchasing a villa in Hacienda White for personal use. He is looking to finalize a decision within the next 1-3 months and is planning a site visit to explore options within his budget range.,"[""Hacienda White"", ""Villa"", ""Personal Use"", ""Warm Lead""]",Hot,3cf934e5b6731fbf30b4668da82eae03f94b803b48c33bc62361436fa4afe762
2026-03-16T01:31:28.450720,a0be18be-1d4f,Omar Khaled,01012345678,Hacienda Heneish,Coast,Villa,17000000,19000000,Personal Use,1-3 Months,Schedule Visit,"Omar Khaled is seeking a luxurious villa at Hacienda Heneish for personal use, with plans to finalize his decision within 1-3 months. He has a flexible budget and is eager to schedule a site visit to explore the project offerings.","[""luxury buyer"", ""villa seeker"", ""warm lead""]",Hot,3cf934e5b6731fbf30b4668da82eae03f94b803b48c33bc62361436fa4afe762
2026-03-16T01:25:39.252007,ef6c93ef-7a32,Ahmed El-Sayed,01012345678,Hacienda Bay,Coast,Villa,25000000,30000000,Investment,Immediate,Schedule Visit,"Ahmed is a seasoned investor interested in acquiring a luxury villa at Hacienda Bay to diversify his portfolio and benefit from the high demand in Egypt's coastal real estate market. He is ready to move forward immediately and values premium, high-end properties.","[""high-budget"", ""investor"", ""immediate timeline"", ""luxury property"", ""coastal development""]",Hot,3cf934e5b6731fbf30b4668da82eae03f94b803b48c33bc62361436fa4afe762
2026-03-15T17:01:24.242313,6641ac03-866d,Omar El-Shamy,01012345678,Golf Central,West,Villa,5000000,7000000,Investment,Immediate,Schedule Visit,Omar is a high-net-worth individual looking to invest in a prime villa at Golf Central in West for capital appreciation and rental income. He is ready to proceed immediately and prefers a property within the 5-7 million EGP range.,"[""investment"", ""luxury"", ""immediate"", ""villa""]",Hot,3cf934e5b6731fbf30b4668da82eae03f94b803b48c33bc62361436fa4afe762
2026-03-13T16:51:22.421646,203f4b70-2106,Ahmed Khaled,01012345678,Golf Extension,West,Villa,5000000,7000000,Investment,Immediate,Schedule Visit,Ahmed Khaled is actively looking to invest in a luxury villa at the Golf Extension in West. He has a strong budget and is ready to make a decision immediately upon finding the right property.,"[""hot lead"", ""investment"", ""luxury villa"", ""immediate buyer""]",Hot,3cf934e5b6731fbf30b4668da82eae03f94b803b48c33bc62361436fa4afe762
2026-03-13T09:18:05.697122,afd5068a-0f91,Omar Khaled,01012345678,Badya,West,Villa,15000000,20000000,Investment,Immediate,Schedule Visit,Omar Khaled is an investor looking to purchase a luxury villa in Project Badya for immediate investment purposes. He is financially prepared and eager to move forward with a site visit and detailed discussion on property options.,"[""investor"", ""luxury-segment"", ""high-budget"", ""immediate-timeline""]",Hot,3cf934e5b6731fbf30b4668da82eae03f94b803b48c33bc62361436fa4afe762
2026-03-13T03:30:26.510713,6772e27b-1f62,Mahmoud Ahmed,01012345678,Casa,West,Apartment,4500000,5500000,Investment,6-12 Months,Request Brochure,"Mahmoud Ahmed is exploring investment opportunities in premium real estate. He is interested in Project Casa and plans to invest within the next 6-12 months, depending on the fit and overall ROI expectations.","[""investment"", ""long-term"", ""luxury real estate""]",Warm,3cf934e5b6731fbf30b4668da82eae03f94b803b48c33bc62361436fa4afe762
2026-03-12T14:26:28.575256,fb287b66-dd61,Ahmed El-Sayed,01012345678,Hacienda Waters,Coast,Villa,12000000,15000000,Investment,Immediate,Schedule Visit,"Ahmed is a seasoned investor looking to expand his portfolio with a premium villa in the Hacienda Waters project. He is highly motivated and ready to make a decision immediately, prioritizing properties with strong appreciation potential.","[""high-budget"", ""immediate buyer"", ""investment-focused"", ""luxury property""]",Hot,3cf934e5b6731fbf30b4668da82eae03f94b803b48c33bc62361436fa4afe762
2026-03-12T10:45:02.840893,b9c234fa-8fbe,Ahmed Mansour,01012345678,Golf Extension,West,Apartment,5000000,5500000,Investment,6-12 Months,Call Back,"Ahmed is exploring investment opportunities in Egypt's premium real estate market, focusing on the Golf Extension project in West. He is primarily interested in apartments within the starting budget range and would like more details before making a decision.","[""investment"", ""luxury real estate"", ""cold lead""]",Warm,3cf934e5b6731fbf30b4668da82eae03f94b803b48c33bc62361436fa4afe762
2026-03-11T05:22:18.492455,a802659b-4e0a,Ahmed Mostafa,01012345678,Palmet October,West,Villa,5000000,7000000,Personal Use,1-3 Months,Schedule Visit,"Ahmed Mostafa is seeking a premium villa at Project Palmet October for personal use, with a budget ranging from 5M to 7M EGP. He is aiming to finalize his decision within the next 1-3 months and is keen to schedule a property visit soon.","[""personal use"", ""villa"", ""premium buyer"", ""West Cairo""]",Hot,3cf934e5b6731fbf30b4668da82eae03f94b803b48c33bc62361436fa4afe762
2026-03-10T20:25:48.757558,d988e062-babc,Ahmed Khaled,01012345678,Golf Central,West,Apartment,5000000,7000000,Investment,3-6 Months,Request More Information,Ahmed is exploring opportunities to invest in luxury apartments in the West area of Egypt and has shown initial interest in Project Golf Central. He is likely to proceed if the project aligns with his budget and investment goals within the next 3-6 months.,"[""investment"", ""luxury real estate"", ""exploring options""]",Warm,3cf934e5b6731fbf30b4668da82eae03f94b803b48c33bc62361436fa4afe762
2026-03-09T04:24:01.269348,3235bbf4-5806,Ahmed Mostafa,01012345678,Hale Town,West,Apartment,4000000,5500000,Investment,6-12 Months,Request More Information,Ahmed expressed a general interest in exploring investment opportunities in upscale developments like Hale Town. He is in the early stages of his research and has not committed to a specific timeline or project yet.,"[""investment"", ""early-stage"", ""cold-lead""]",Cold,3cf934e5b6731fbf30b4668da82eae03f94b803b48c33bc62361436fa4afe762
2026-03-08T21:18:13.104859,3d35b68f-8b2d,Omar Khaled,01012345678,Hacienda Blue,Coast,Villa,18000000,21000000,Personal Use,1-3 Months,Schedule Visit,Omar Khaled is looking for a luxury villa in Hacienda Blue for personal use within the next 1-3 months. He has a flexible budget between 18M and 21M EGP and is keen on scheduling a site visit soon to explore available options.,"[""personal-use"", ""villa"", ""coastal-property"", ""mid-term-timeline""]",Hot,3cf934e5b6731fbf30b4668da82eae03f94b803b48c33bc62361436fa4afe762
2026-03-08T11:07:04.236359,53ed0dcf-0206,Ahmed Mahmoud,01012345678,Palm Hills Alexandria,Alex,Villa,23000000,25000000,Personal Use,1-3 Months,Schedule Visit,"Ahmed is looking for a luxurious villa in Palm Hills Alexandria for personal use, with the intention to finalize his purchase within the next 1-3 months. He has a flexible budget and is highly interested in exploring the property options soon.","[""villa"", ""personal use"", ""Palm Hills Alexandria"", ""warm lead""]",Hot,3cf934e5b6731fbf30b4668da82eae03f94b803b48c33bc62361436fa4afe762
2026-03-08T03:43:27.405707,68b32ad7-bec1,Omar Khaled,01012345678,The Crown Extension,West,Villa,28000000,35000000,Personal Use,Immediate,Schedule Visit,"Omar Khaled is looking to purchase a luxury villa for personal use in The Crown Extension, West. He has an immediate timeline and a flexible budget, indicating strong interest and readiness to proceed.","[""high-budget"", ""luxury-buyer"", ""immediate-timeline"", ""villa-seeker""]",Hot,3cf934e5b6731fbf30b4668da82eae03f94b803b48c33bc62361436fa4afe762
2026-03-07T13:20:44.869717,781d9482-9e33,Ahmed Khaled,01023456789,Village Avenue,East,Villa,5000000,7500000,Investment,Immediate,Schedule Visit,Ahmed Khaled is a high-net-worth individual exploring premium investment opportunities in East Egypt. He is particularly interested in purchasing a luxury villa at Village Avenue and is prepared for an immediate decision upon visiting the project.,"[""hot"", ""investor"", ""luxury"", ""villas"", ""Village Avenue""]",Hot,3cf934e5b6731fbf30b4668da82eae03f94b803b48c33bc62361436fa4afe762
2026-03-07T02:15:32.157677,0664342a-ea31,Ahmed Khalil,01012345678,Jirian Palm Hills,West,Villa,5000000,8000000,Investment,Immediate,Schedule Visit,Ahmed Khalil is a high-net-worth investor interested in acquiring a luxury villa at the Jirian Palm Hills project in West Egypt. He is looking for a prestigious property to diversify his real estate portfolio and wants to finalize the deal as soon as possible.,"[""hot lead"", ""luxury investor"", ""immediate purchase intent"", ""Jirian Palm Hills""]",Hot,3cf934e5b6731fbf30b4668da82eae03f94b803b48c33bc62361436fa4afe762
2026-03-04T11:29:40.095013,068bf49e-ef24,Omar Khaled,01012345678,Golf Views,West,Villa,5000000,7000000,Investment,Immediate,Schedule Visit,Omar is a seasoned real estate investor actively seeking a villa in a premium development. He has expressed keen interest in Golf Views in West and is ready to make a decision quickly upon visiting the site.,"[""hot lead"", ""investor"", ""immediate buyer"", ""villa"", ""luxury""]",Hot,3cf934e5b6731fbf30b4668da82eae03f94b803b48c33bc62361436fa4afe762
2026-03-04T08:09:19.338901,fb2b1c67-32a0,Ahmed El-Sayed,01012345678,Palm Hills Alexandria,Alex,Villa,23000000,25000000,Investment,1-3 Months,Schedule Visit,"Ahmed is a seasoned investor with a keen interest in premium real estate developments in Alexandria. He's exploring Palm Hills Alexandria for potential investment opportunities, particularly villas, within the next few months.","[""warm lead"", ""investment"", ""premium buyer"", ""villa""]",Hot,3cf934e5b6731fbf30b4668da82eae03f94b803b48c33bc62361436fa4afe762
2026-03-04T06:58:41.639216,ad3cebb5-e790,Ahmed Mostafa,01012345678,Hacienda White,Coast,Villa,5000000,7000000,Personal Use,Immediate,Schedule Visit,Ahmed Mostafa is looking to purchase a villa in Hacienda White for personal use. He is ready to make an immediate decision and has a clear budget range aligning with the project offerings.,"[""high-budget"", ""immediate-buyer"", ""villa-preference"", ""Hacienda White""]",Hot,3cf934e5b6731fbf30b4668da82eae03f94b803b48c33bc62361436fa4afe762
2026-03-04T03:55:12.637615,4388e1d7-30a6,Ahmed El-Sayed,01012345678,Hacienda Blue,Coast,Villa,18000000,21000000,Personal Use,1-3 Months,Schedule Visit,Ahmed is looking to purchase a luxury villa at Hacienda Blue in Coast for personal use within the next 1-3 months. He is seeking a premium property that fits his budget and lifestyle preferences.,"[""personal use"", ""luxury villa"", ""Hacienda Blue"", ""premium buyer""]",Hot,3cf934e5b6731fbf30b4668da82eae03f94b803b48c33bc62361436fa4afe762
2026-03-03T18:13:13.584376,93587500-5f9e,Karim El-Masry,01012345678,Hacienda Heneish,Coast,Villa,17000000,20000000,Investment,1-3 Months,Schedule Visit,Karim is a seasoned investor interested in acquiring a high-end villa in Hacienda Heneish for long-term capital appreciation and rental income. He is keen to explore units within the next 1-3 months and prefers a personalized tour to finalize his decision.,"[""investment"", ""high-budget"", ""villa"", ""warm-lead""]",Hot,3cf934e5b6731fbf30b4668da82eae03f94b803b48c33bc62361436fa4afe762
2026-02-28T21:35:10.041127,1d192232-e7d3,Ahmed Khalil,01012345678,New Capital Gardens,New_Capital,Apartment,5500000,6500000,Investment,Immediate,Schedule Visit,Ahmed Khalil is a high-net-worth individual actively seeking an apartment in New Capital Gardens as a long-term investment opportunity. He is particularly interested in prime units with high rental yields and ready to take immediate action if he finds the right fit.,"[""high-net-worth"", ""investment"", ""immediate decision"", ""New Capital""]",Hot,3cf934e5b6731fbf30b4668da82eae03f94b803b48c33bc62361436fa4afe762
2026-02-28T12:48:58.455640,282f0a21-0ac4,Ahmed Mostafa,01012345678,Crown Central,West,Villa,5000000,8000000,Investment,Immediate,Schedule Visit,Ahmed Mostafa is a high-net-worth individual looking to invest in a luxury villa at Crown Central in West. He is eager to make a decision quickly and is highly interested in scheduling a visit to finalize his choice.,"[""hot-lead"", ""investment-focused"", ""luxury-villa"", ""immediate-action""]",Hot,3cf934e5b6731fbf30b4668da82eae03f94b803b48c33bc62361436fa4afe762
2026-02-26T19:47:09.739221,6e5bbcab-5724,Ahmed Khaled,01012345678,Badya,West,Villa,12000000,15000000,Investment,6-12 Months,Request Brochure,"Ahmed is considering investing in a high-end real estate project and has expressed interest in exploring the offerings at Project Badya in West Cairo. While his timeline is not immediate, he appears to be evaluating options for future upscale investments.","[""investment"", ""villa"", ""long-term interest""]",Warm,3cf934e5b6731fbf30b4668da82eae03f94b803b48c33bc62361436fa4afe762
2026-02-26T06:58:23.469055,196b881f-2196,Ahmed Khaled,01012345678,97 Hills,East,Villa,37000000,45000000,Investment,1-3 Months,Schedule Visit,Ahmed Khaled is a high-net-worth individual looking to invest in a luxury villa at 97 Hills for long-term value appreciation. He is planning to make a decision within the next 1-3 months and is keen on scheduling a site visit to explore the project's offerings.,"[""investment"", ""luxury"", ""premium-client"", ""warm-lead""]",Hot,3cf934e5b6731fbf30b4668da82eae03f94b803b48c33bc62361436fa4afe762
2026-02-24T20:27:40.760018,0d19328c-2094,Ahmed Mostafa,01012345678,WoodVille,West,Villa,5000000,7000000,Investment,Immediate,Schedule Visit,"Ahmed is an experienced investor in luxury real estate, looking to diversify his portfolio with a premium villa in West Cairo. He is highly interested in Project WoodVille and ready to move forward immediately.","[""investor"", ""luxury"", ""immediate"", ""villa"", ""West Cairo""]",Hot,3cf934e5b6731fbf30b4668da82eae03f94b803b48c33bc62361436fa4afe762
2026-02-24T01:00:13.185256,70cde38e-1699,Ahmed Khaled,01012345678,Village Gate,East,Apartment,5000000,6000000,Investment,Immediate,Schedule Visit,"Ahmed Khaled, a seasoned investor, is looking for a high-end apartment in the Village Gate project to expand his real estate portfolio. He is ready to make an immediate decision if the unit aligns with his requirements.","[""investment"", ""immediate buyer"", ""premium developer"", ""Village Gate""]",Hot,3cf934e5b6731fbf30b4668da82eae03f94b803b48c33bc62361436fa4afe762
2026-02-22T15:20:11.085957,1ce1c93d-96b5,Omar Hassan,01012345678,Palmet New Cairo,East,Apartment,4000000,6000000,Investment,3-6 Months,Request More Information,Omar is exploring investment opportunities in New Cairo and has shown interest in premium residential projects within his budget. He is looking to start the process within the next 3-6 months but requires more details before committing further.,"[""investment"", ""New Cairo"", ""potential client"", ""mid-term interest""]",Warm,3cf934e5b6731fbf30b4668da82eae03f94b803b48c33bc62361436fa4afe762
2026-02-22T06:29:12.217980,cd1666fb-3bf3,Ahmed El-Sayed,01012345678,Village Gardens Katameya,East,Apartment,5000000,6000000,Investment,1-3 Months,Schedule Visit,Ahmed is a real estate investor looking for premium apartments in East Cairo. He is particularly interested in Village Gardens Katameya for its modern development and potential ROI.,"[""investment"", ""premium buyer"", ""Village Gardens Katameya""]",Hot,3cf934e5b6731fbf30b4668da82eae03f94b803b48c33bc62361436fa4afe762
2026-02-22T04:01:48.082939,f2260b6d-a16d,Ahmed Mostafa,01012345678,Crown Central,West,Apartment,5000000,6000000,Investment,1-3 Months,Schedule Visit,Ahmed is exploring investment opportunities and has shown interest in Project Crown Central due to its premium location in West Cairo. He has a flexible timeline and is keen to visit the project to assess its potential for long-term gains.,"[""investment"", ""West Cairo"", ""premium project"", ""medium-term decision""]",Warm,3cf934e5b6731fbf30b4668da82eae03f94b803b48c33bc62361436fa4afe762
2026-02-21T21:56:59.456982,3749d92c-636e,Ahmed Mostafa,01012345678,Badya,West,Villa,14700000,16500000,Investment,Immediate,Schedule Visit,"Ahmed Mostafa is an investor actively seeking a premium villa in the prestigious Badya project in West Egypt. With an immediate timeline and a competitive budget, he is keen on scheduling a visit to finalize his decision.","[""investment"", ""premium villa"", ""immediate timeline"", ""high budget""]",Hot,3cf934e5b6731fbf30b4668da82eae03f94b803b48c33bc62361436fa4afe762
2026-02-21T21:39:41.257491,c3c99710-4bfd,Ahmed Khaled,01012345678,"The Ritz-Carlton Residences Cairo, Palm Hills",West,Apartment,5000000,7000000,Investment,1-3 Months,Schedule Visit,"Ahmed Khaled is a business owner interested in investing in a high-end apartment at The Ritz-Carlton Residences Cairo, Palm Hills. He is evaluating luxury properties with strong appreciation potential and is considering purchase within the next 1-3 months.","[""investment"", ""high-potential lead"", ""luxury buyer"", ""Ritz-Carlton""]",Hot,3cf934e5b6731fbf30b4668da82eae03f94b803b48c33bc62361436fa4afe762
2026-02-21T21:01:06.138397,f4fa1c24-03fa,Omar Khaled,01012345678,97 Hills,East,Villa,35000000,40000000,Investment,1-3 Months,Schedule Visit,Omar is a high-net-worth individual interested in purchasing a villa in the 97 Hills project for investment purposes. He is looking to finalize a property deal within the next 1-3 months and would like to schedule a visit to explore the options available.,"[""investment"", ""villa"", ""premium buyer""]",Hot,3cf934e5b6731fbf30b4668da82eae03f94b803b48c33bc62361436fa4afe762
2026-02-21T17:24:33.295758,46a2832c-177e,Ahmed El-Masry,01012345678,Hacienda Heneish,Coast,Villa,17000000,18500000,Personal Use,Immediate,Schedule Visit,Ahmed is looking for a luxury villa for personal use in Hacienda Heneish. He is ready to make an immediate decision and is highly interested in premium properties within the project.,"[""high-budget"", ""immediate-buyer"", ""villa"", ""luxury"", ""personal-use""]",Hot,3cf934e5b6731fbf30b4668da82eae03f94b803b48c33bc62361436fa4afe762
2026-02-21T09:04:18.387362,2bad25d4-14e5,Ahmed Mostafa,01012345678,"The Ritz-Carlton Residences Cairo, Palm Hills",West,Apartment,5000000,5500000,Investment,6-12 Months,Request Brochure,"Ahmed is a potential investor exploring high-end real estate opportunities in Cairo. Although he's in the early stages of research, he's expressed curiosity about The Ritz-Carlton Residences for potential capital appreciation.","[""investor"", ""early-stage"", ""Cairo"", ""luxury"", ""apartment""]",Warm,3cf934e5b6731fbf30b4668da82eae03f94b803b48c33bc62361436fa4afe762
2026-02-20T11:02:44.322985,923846de-67b1,Ahmed Khaled,01012345678,The Crown Extension,West,Villa,25000000,30000000,Investment,1-3 Months,Schedule Visit,"Ahmed Khaled is an investor looking to expand his portfolio with a high-end villa in The Crown Extension, West area of Egypt. He is seeking a property that aligns with his budget and plans to finalize the purchase within the next quarter.","[""investment"", ""villa"", ""premium buyer"", ""1-3 months timeline""]",Hot,3cf934e5b6731fbf30b4668da82eae03f94b803b48c33bc62361436fa4afe762
2026-02-18T08:27:58.802812,22a7557e-f90e,Amr Khaled,01012345678,Golf Central,West,Apartment,4500000,5500000,Personal Use,6-12 Months,Call Back,"Amr is casually exploring the market for a premium apartment in the West area of Egypt. While he is not in a rush, he is intrigued by the idea of moving into a prestigious development like Golf Central.","[""cold lead"", ""low urgency"", ""budget aligned"", ""premium interest""]",Warm,3cf934e5b6731fbf30b4668da82eae03f94b803b48c33bc62361436fa4afe762
2026-02-17T23:15:54.536338,db409ea2-34ab,Omar Youssef,01012345678,Palmet New Cairo,East,Villa,5000000,8000000,Investment,Immediate,Schedule Visit,Omar is a seasoned investor seeking a premium villa in Project Palmet for long-term capital appreciation. He is highly motivated to finalize a purchase immediately and values the strategic location of New Cairo.,"[""hot lead"", ""investor"", ""premium property"", ""luxury villa"", ""immediate action""]",Hot,3cf934e5b6731fbf30b4668da82eae03f94b803b48c33bc62361436fa4afe762
2026-02-17T02:44:57.824576,9c2d4cb0-9fbd,Ahmed Khaled,01012345678,St. 88,unknown,Villa,5000000,8000000,Investment,1-3 Months,Schedule Visit,Ahmed Khaled is exploring premium real estate opportunities in Egypt for investment purposes. He is keen on villas within the range of 5-8M EGP and plans to make a decision within the next 1-3 months.,"[""investment"", ""premium"", ""villa"", ""St. 88""]",Hot,3cf934e5b6731fbf30b4668da82eae03f94b803b48c33bc62361436fa4afe762
2026-02-16T21:39:58.860065,a2ef616e-bb0a,Karim Hassan,01012345678,Golf Extension,West,Apartment,4000000,5000000,Investment,6-12 Months,Request Brochure,Karim is casually exploring investment opportunities in high-potential areas like West Cairo. He is interested in apartments within the Golf Extension project but does not have immediate purchasing plans.,"[""investment"", ""cold lead"", ""apartment"", ""West Cairo""]",Warm,3cf934e5b6731fbf30b4668da82eae03f94b803b48c33bc62361436fa4afe762
2026-02-15T09:29:44.196650,86e7e82d-7a44,Ahmed El-Sayed,01012345678,Bamboo Extension,West,Apartment,4500000,5500000,Investment,6-12 Months,Request More Information,Ahmed is exploring real estate opportunities in West Cairo for investment purposes. He is interested in learning more about Project Bamboo Extension but is not in a rush to make a decision.,"[""investment"", ""apartment"", ""low-intent"", ""Bamboo Extension""]",Warm,3cf934e5b6731fbf30b4668da82eae03f94b803b48c33bc62361436fa4afe762
2026-02-14T21:51:31.569889,98e00bf3-8a96,Ahmed Hassan,01098765432,Palm Parks,West,Apartment,4000000,5500000,Investment,6-12 Months,Request Brochure,Ahmed is exploring investment opportunities in premium areas of West Cairo and has shown interest in Palm Parks. He is in the early stages of research and is open to learning more about the project.,"[""investment"", ""early research"", ""low intent""]",Cold,3cf934e5b6731fbf30b4668da82eae03f94b803b48c33bc62361436fa4afe762
2026-02-14T17:09:59.357207,1d88c378-8f0e,Ahmed Khaled,01012345678,Hacienda White,Coast,Villa,5000000,7000000,Investment,Immediate,Schedule Visit,Ahmed Khaled is a seasoned investor interested in purchasing a luxury villa at Hacienda White for immediate investment purposes. He has a flexible budget and is ready to schedule a site visit to finalize his decision quickly.,"[""hot-lead"", ""investor"", ""luxury-property"", ""immediate-closing""]",Hot,3cf934e5b6731fbf30b4668da82eae03f94b803b48c33bc62361436fa4afe762
2026-02-14T03:09:33.852457,d04570c1-fd63,Omar Hassan,01012345678,Palm Hills Katameya 1,East,Villa,5000000,7000000,Investment,1-3 Months,Schedule Visit,Omar is exploring investment opportunities in high-value real estate projects and is particularly interested in villas within the Palm Hills Katameya 1 community. He is planning to finalize a purchase within the next 1-3 months and is eager to schedule a visit to assess the property in person.,"[""Investment"", ""Villa"", ""East Cairo"", ""1-3 Months""]",Hot,3cf934e5b6731fbf30b4668da82eae03f94b803b48c33bc62361436fa4afe762
2026-02-12T01:53:59.907961,40a89b06-e21c,Youssef El-Masry,01012345678,Village Gardens Katameya,East,Villa,5000000,7000000,Personal Use,Immediate,Schedule Visit,Youssef is an entrepreneur seeking a premium villa in East Cairo for personal use. He is ready to move forward immediately and is highly interested in Village Gardens Katameya as the location fits his lifestyle and preferences.,"[""hot lead"", ""villa"", ""Village Gardens Katameya"", ""personal use"", ""immediate timeline""]",Hot,3cf934e5b6731fbf30b4668da82eae03f94b803b48c33bc62361436fa4afe762
2026-02-11T07:31:55.249718,edae4c0b-d01c,Ahmed Hassan,01012345678,Palm Parks,West,Villa,5000000,7000000,Personal Use,Immediate,Schedule Visit,Ahmed is highly interested in purchasing a villa at Palm Parks in West for personal use. He is ready to proceed immediately and has a clear budget range that aligns with the project's offerings.,"[""Hot Lead"", ""Immediate Purchase"", ""Personal Use"", ""Luxury Buyer""]",Hot,3cf934e5b6731fbf30b4668da82eae03f94b803b48c33bc62361436fa4afe762
2026-02-10T22:47:42.299034,cf92321b-13be,Omar Khaled,01012345678,Hacienda Blue,Coast,Villa,18000000,20000000,Investment,1-3 Months,Schedule Visit,"Omar Khaled is looking to invest in a luxury villa at Hacienda Blue on the Coast, with a budget ranging from 18M to 20M EGP. He plans to proceed within the next 1-3 months and prefers scheduling a site visit for further evaluation.","[""investment"", ""villa"", ""luxury"", ""coastal property"", ""warm lead""]",Hot,3cf934e5b6731fbf30b4668da82eae03f94b803b48c33bc62361436fa4afe762
2026-02-10T05:33:59.929437,7ac9b3a0-bb9a,Ahmed El-Sayed,01012345678,Jirian Palm Hills,West,Villa,5000000,7500000,Investment,1-3 Months,Schedule Visit,Ahmed is a real estate investor exploring premium properties in West Cairo. He is particularly interested in villas within Jirian Palm Hills and has a clear budget and timeline for investment.,"[""investor"", ""premium property"", ""West Cairo"", ""Jirian Palm Hills""]",Hot,3cf934e5b6731fbf30b4668da82eae03f94b803b48c33bc62361436fa4afe762
2026-02-09T19:11:24.607877,431c6554-2265,Ahmed Sameh,01012345678,Palm Valley,West,Villa,5000000,7000000,Personal Use,Immediate,Schedule Visit,Ahmed is a high-net-worth individual looking for a luxury villa in Palm Valley for personal use. He is ready to make a purchase immediately and has a flexible budget within the project's range.,"[""luxury buyer"", ""personal use"", ""immediate purchase"", ""villa""]",Hot,3cf934e5b6731fbf30b4668da82eae03f94b803b48c33bc62361436fa4afe762
2026-02-09T09:29:58.403269,dce6d3f0-a824,Ahmed El Sayed,01012345678,Hacienda Waters 2,Coast,Villa,7000000,10000000,Investment,Immediate,Schedule Visit,Ahmed El Sayed is a high-net-worth individual interested in purchasing a villa in Hacienda Waters 2 for investment purposes. He is ready to move forward immediately and has a flexible budget within the premium range.,"[""hot lead"", ""investment-focused"", ""Hacienda Waters 2""]",Hot,3cf934e5b6731fbf30b4668da82eae03f94b803b48c33bc62361436fa4afe762
2026-02-07T12:03:02.021496,2827b9a8-503d,Ahmed El Mansour,01012345678,Palm Hills October,West,Villa,5000000,7000000,Investment,Immediate,Schedule Visit,Ahmed El Mansour is a high-net-worth individual seeking to invest in a premium villa within Palm Hills October for long-term rental income and asset appreciation. He has expressed immediate interest in scheduling a site visit to explore available options.,"[""investment"", ""premium"", ""villa"", ""Palm Hills October"", ""hot lead""]",Hot,3cf934e5b6731fbf30b4668da82eae03f94b803b48c33bc62361436fa4afe762
2026-02-07T10:50:30.288485,bbb7932d-662f,Youssef Khaled,01012345678,Badya,West,Villa,14000000,15000000,Investment,1-3 Months,Schedule Visit,"Youssef Khaled is exploring premium villas in West Cairo for investment purposes, with plans to finalize his decision within the next three months. He is particularly interested in the high-end offerings of Project Badya and wants to schedule a visit to understand the layout and amenities in person.","[""investment"", ""villa"", ""Project Badya"", ""West Cairo""]",Hot,3cf934e5b6731fbf30b4668da82eae03f94b803b48c33bc62361436fa4afe762
2026-02-07T05:51:17.839376,f569b7a7-c5fd,Ahmed Gamal,01012345678,Village Gardens Katameya,East,Villa,5000000,7500000,Personal Use,Immediate,Schedule Visit,"Ahmed Gamal is looking for a premium villa in Village Gardens Katameya for personal use, with an immediate timeline and a budget range of 5M-7.5M EGP. He has expressed strong interest in the project's location and amenities.","[""hot lead"", ""villa"", ""immediate purchase"", ""personal use"", ""premium buyer""]",Hot,3cf934e5b6731fbf30b4668da82eae03f94b803b48c33bc62361436fa4afe762
2026-02-06T21:29:14.499318,a5afb4f1-02f0,Ahmed El-Sayed,01012345678,Village Gate Mall,East,Apartment,4500000,5500000,Investment,1-3 Months,Schedule Visit,"Ahmed is a mid-level investor looking to purchase a high-demand apartment at Village Gate Mall in East Cairo as part of his expanding real estate portfolio. He is particularly interested in properties starting around 5,000,000 EGP for long-term appreciation potential.","[""investment"", ""apartment"", ""premium project"", ""Village Gate Mall""]",Hot,3cf934e5b6731fbf30b4668da82eae03f94b803b48c33bc62361436fa4afe762
2026-02-06T15:34:38.623424,b3af92e6-1e47,Ahmed Khaled,01012345678,The Village,East,Apartment,4000000,5000000,Investment,6-12 Months,Call Back,Ahmed Khaled is casually exploring investment opportunities in premium real estate projects in East Cairo. He is interested in understanding the potential returns and prefers a modern apartment within a budget close to The Village's starting price.,"[""investment"", ""cold lead"", ""East Cairo"", ""modern apartment""]",Warm,3cf934e5b6731fbf30b4668da82eae03f94b803b48c33bc62361436fa4afe762
2026-02-06T02:39:34.518387,d9609313-8440,Ahmed Khaled,01012345678,Palm Hills Katameya 1,East,Villa,5000000,7000000,Investment,1-3 Months,Schedule Visit,"Ahmed Khaled is exploring investment opportunities in high-end villas and is particularly interested in the Palm Hills Katameya 1 project due to its location and reputation. He is looking to finalize a decision within the next 1-3 months and prefers a property starting at 5,000,000 EGP.","[""investment"", ""villa"", ""premium project"", ""Palm Hills Katameya 1""]",Warm,3cf934e5b6731fbf30b4668da82eae03f94b803b48c33bc62361436fa4afe762
2026-02-06T02:09:33.964158,6fba7dc7-a35f,Ahmed El-Sayed,01012345678,Hacienda Bay,Coast,Villa,25000000,30000000,Personal Use,1-3 Months,Schedule Visit,"Ahmed is exploring premium properties for personal use in the North Coast, particularly interested in a luxury villa in Hacienda Bay. He is planning to make a decision within the next 1-3 months and is keen on scheduling a visit to assess the property options firsthand.","[""personal use"", ""villa"", ""luxury"", ""North Coast"", ""Hacienda Bay""]",Hot,3cf934e5b6731fbf30b4668da82eae03f94b803b48c33bc62361436fa4afe762
2026-02-06T00:42:53.323369,d245dda4-2ace,Ahmed Mostafa,01012345678,The Crown,West,Villa,50000000,52000000,Investment,Immediate,Schedule Visit,Ahmed Mostafa is a high-net-worth investor actively seeking a luxury villa in The Crown's development in West Egypt. He is ready to proceed immediately and has a strong budget aligned with the project's offerings.,"[""high-net-worth"", ""investor"", ""villa"", ""immediate timeline""]",Hot,3cf934e5b6731fbf30b4668da82eae03f94b803b48c33bc62361436fa4afe762
2026-02-05T05:10:12.361329,7e1f028d-abb9,Ahmed Khaled,01012345678,The Village,East,Villa,5000000,8000000,Investment,Immediate,Schedule Visit,Ahmed Khaled is a high-net-worth investor looking to purchase a villa at The Village in East for immediate investment purposes. He is highly motivated and eager to schedule a visit to explore available options and finalize a deal promptly.,"[""hot-lead"", ""investor"", ""high-budget"", ""immediate-action""]",Hot,3cf934e5b6731fbf30b4668da82eae03f94b803b48c33bc62361436fa4afe762
2026-02-04T13:40:44.287372,f7823910-ab47,Ahmed El Sayed,01012345678,St. 88,unknown,Villa,5000000,8000000,Investment,Immediate,Schedule Visit,Ahmed is a seasoned investor looking to secure a premium villa in Project St. 88 for immediate purchase. He is particularly interested in high-end developments with strong rental yield potential in Egypt.,"[""hot-lead"", ""investment"", ""luxury-villa"", ""immediate-purchase""]",Hot,3cf934e5b6731fbf30b4668da82eae03f94b803b48c33bc62361436fa4afe762
2026-02-04T06:16:47.525544,160bf1ca-0d06,Ahmed Khaled,01012345678,The Crown Extension,West,Villa,28000000,35000000,Investment,Immediate,Schedule Visit,Ahmed Khaled is a high-net-worth individual seeking to invest in a luxury villa at The Crown Extension in West. He is ready to proceed immediately and is particularly focused on properties that offer strong long-term value and premium lifestyle amenities.,"[""hot lead"", ""investment-focused"", ""luxury villa"", ""immediate timeline""]",Hot,3cf934e5b6731fbf30b4668da82eae03f94b803b48c33bc62361436fa4afe762
2026-02-02T23:02:12.882872,2246f3d0-2f02,Ahmed Khaled,01012345678,The Lane,West,Apartment,5000000,7000000,Investment,1-3 Months,Schedule Visit,"Ahmed Khaled is interested in purchasing an apartment in The Lane, West Cairo, primarily for investment purposes. He is exploring options with a budget of 5-7 million EGP and plans to take a decision within the next 1-3 months.","[""investment"", ""premium project"", ""West Cairo"", ""medium urgency""]",Hot,3cf934e5b6731fbf30b4668da82eae03f94b803b48c33bc62361436fa4afe762
2026-02-01T23:39:09.593709,f91e3013-0dc0,Omar Adel,01012345678,Bamboo III,West,Villa,5000000,7000000,Investment,1-3 Months,Schedule Visit,Omar is looking for a luxurious villa in Project Bamboo III with the intent of investment and potential rental income. He is planning to make a purchase within the next 1-3 months and is keen to schedule a site visit soon.,"[""investment"", ""villa"", ""luxury"", ""West"", ""Bamboo III""]",Hot,3cf934e5b6731fbf30b4668da82eae03f94b803b48c33bc62361436fa4afe762
2026-02-01T21:31:29.282239,dc251263-1f9f,Karim Ahmed,01012345678,Village Gate,East,Apartment,4500000,6000000,Personal Use,1-3 Months,Schedule Visit,"Karim Ahmed is looking to purchase a premium apartment in Village Gate East for personal use within the next 1-3 months. He has a flexible budget up to 6,000,000 EGP and is eager to schedule a visit to explore options.","[""personal use"", ""apartment"", ""Village Gate East"", ""medium lead""]",Warm,3cf934e5b6731fbf30b4668da82eae03f94b803b48c33bc62361436fa4afe762
2026-02-01T15:50:17.885398,0d93a58b-90e7,Ahmed Khaled,01012345678,New Capital Gardens,New_Capital,Apartment,5000000,6000000,Investment,3-6 Months,Call Back,Ahmed Khaled has expressed a preliminary interest in exploring investment opportunities in New Capital Gardens. He is considering apartments within the project’s entry-level pricing and prefers to be contacted for further details.,"[""investment"", ""cold lead"", ""apartment"", ""New Capital Gardens""]",Warm,3cf934e5b6731fbf30b4668da82eae03f94b803b48c33bc62361436fa4afe762
2026-02-01T01:25:07.089011,c6797106-922d,Ahmed El Sayed,01012345678,Hacienda Waters,Coast,Villa,11000000,13000000,Investment,1-3 Months,Schedule Visit,Ahmed El Sayed is considering a villa at Hacienda Waters for investment purposes and aims to finalize his decision within the next 1-3 months. He has expressed interest in properties within the EGP 11M-13M range and is open to scheduling a site visit soon.,"[""investment"", ""luxury"", ""villa"", ""coastal property""]",Hot,3cf934e5b6731fbf30b4668da82eae03f94b803b48c33bc62361436fa4afe762
2026-02-01T01:14:06.883729,b071c5dc-7408,Ahmed Khaled,01098765432,Golf Views,West,Villa,5000000,7000000,Personal Use,1-3 Months,Schedule Visit,Ahmed Khaled is interested in purchasing a villa in the premium Golf Views project for personal use. He plans to make a decision within the next 1-3 months and is keen to schedule a visit soon to explore available options.,"[""villa"", ""personal use"", ""premium buyer"", ""1-3 months timeline""]",Hot,3cf934e5b6731fbf30b4668da82eae03f94b803b48c33bc62361436fa4afe762
2026-01-31T21:32:46.732652,474cc6ea-4dae,Ahmed Khaled,01098765432,Hacienda Heneish,Coast,Villa,15000000,18000000,Investment,3-6 Months,Request Brochure,Ahmed is exploring high-end real estate options in Egypt for long-term investment purposes. He is interested in villas within Hacienda Heneish but does not have an immediate timeline for purchasing.,"[""cold lead"", ""investment"", ""villa interest"", ""premium development""]",Warm,3cf934e5b6731fbf30b4668da82eae03f94b803b48c33bc62361436fa4afe762
2026-01-31T09:13:19.602333,ebbaca9b-cf16,Omar Khaled,01012345678,Palm Hills New Cairo,East,Apartment,7500000,9000000,Investment,6-12 Months,Request more information via email,Omar is exploring opportunities for long-term investment in premium real estate developments in East Cairo. He is considering Palm Hills New Cairo due to its reputation for quality and high ROI potential.,"[""investor"", ""low priority"", ""East Cairo"", ""researching options""]",Warm,3cf934e5b6731fbf30b4668da82eae03f94b803b48c33bc62361436fa4afe762
2026-01-31T06:53:41.954430,b4cdfe45-12f1,Ahmed Youssef,01012345678,Bamboo III,West,Apartment,4000000,5500000,Investment,6+ Months,Request Brochure,Ahmed is casually exploring investment opportunities in premium real estate projects in West Egypt. He is in the research phase and is interested in understanding more about Project Bamboo III's offerings and return potential.,"[""investment"", ""exploring"", ""long-term interest""]",Warm,3cf934e5b6731fbf30b4668da82eae03f94b803b48c33bc62361436fa4afe762
2026-01-29T05:40:21.801139,9d2141b4-43d7,Ahmed Mostafa,01012345678,Golf Extension,West,Apartment,4500000,5500000,Investment,3-6 Months,Call Back,Ahmed is exploring investment opportunities in high-end real estate projects in West Cairo. He is interested in the Golf Extension project but has not committed to a specific timeline yet.,"[""investment"", ""cold"", ""premium interest""]",Warm,3cf934e5b6731fbf30b4668da82eae03f94b803b48c33bc62361436fa4afe762
2026-01-28T21:42:10.327410,30329195-750a,Ahmed Khalil,01022567890,Palm Valley,West,Villa,5000000,6500000,Personal Use,1-3 Months,Schedule Visit,Ahmed is looking to purchase a villa in Project Palm Valley for personal use within the next few months. He has a flexible budget starting at 5 million EGP and is keen to schedule a site visit soon.,"[""high-potential"", ""personal-use"", ""villa"", ""warm-lead""]",Hot,3cf934e5b6731fbf30b4668da82eae03f94b803b48c33bc62361436fa4afe762
2026-01-28T10:01:16.534529,fc3b8870-2f50,Omar Khaled,01012345678,Bamboo Extension,West,Villa,5000000,7000000,Investment,1-3 Months,Schedule Visit,Omar Khaled is an investor looking to expand his portfolio by purchasing a villa in the premium Bamboo Extension project in West. He is keen on scheduling a visit within the next three months to assess the property firsthand.,"[""investment"", ""villa"", ""Bamboo Extension"", ""premium client""]",Hot,3cf934e5b6731fbf30b4668da82eae03f94b803b48c33bc62361436fa4afe762
2026-01-28T03:44:02.127005,22965336-2fa1,Omar Khaled,01012345678,The Village,East,Apartment,5000000,6000000,Investment,1-3 Months,Schedule Visit,Omar Khaled is looking for a high-end apartment in The Village project in East Cairo for investment purposes. He has a medium-term timeline of 1-3 months and a budget in line with the starting price of the project.,"[""investment"", ""medium-timeline"", ""apartment"", ""luxury""]",Hot,3cf934e5b6731fbf30b4668da82eae03f94b803b48c33bc62361436fa4afe762
2026-01-27T05:28:42.663018,06f22b17-9994,Ahmed Khaled,01012345678,The Village,East,Apartment,5000000,7500000,Investment,1-3 Months,Schedule Visit,Ahmed Khaled is interested in purchasing an apartment in The Village in East as a medium-term investment opportunity. He is looking for a high-end unit within the range of 5 to 7.5 million EGP and aims to close a deal within 1 to 3 months.,"[""investment"", ""medium-term"", ""luxury"", ""apartment""]",Warm,3cf934e5b6731fbf30b4668da82eae03f94b803b48c33bc62361436fa4afe762
2026-01-26T13:49:28.726972,2afa1758-ae61,Amr El-Masry,01012345678,"The Ritz-Carlton Residences Cairo, Palm Hills",West,Villa,5000000,10000000,Investment,Immediate,Schedule Visit,Amr is an experienced investor looking to expand his portfolio with premium properties in Cairo. He is particularly interested in The Ritz-Carlton Residences for its luxury amenities and promising location in Palm Hills West.,"[""high-net-worth"", ""investor"", ""luxury"", ""premium-location"", ""immediate-timeline""]",Hot,3cf934e5b6731fbf30b4668da82eae03f94b803b48c33bc62361436fa4afe762
2026-01-25T20:54:03.517782,5199209d-9ea1,Ahmed Khaled,01012345678,Palm Hills October,West,Villa,5000000,7000000,Personal Use,Immediate,Schedule Visit,"Ahmed Khaled is looking for a luxury villa in Palm Hills October for immediate personal use. He has a budget of up to 7,000,000 EGP and is ready to schedule a site visit to finalize his decision.","[""premium"", ""hot-lead"", ""villa"", ""immediate-purchase""]",Hot,3cf934e5b6731fbf30b4668da82eae03f94b803b48c33bc62361436fa4afe762
2026-01-25T07:50:42.876712,d32de3a4-6761,Ahmed El-Masry,01012345678,Hacienda Waters 2,Coast,Villa,5000000,8000000,Investment,Immediate,Schedule Visit,"Ahmed El-Masry is a seasoned investor looking to diversify his portfolio with a premium villa in Hacienda Waters 2. He is particularly drawn to the beachfront location and luxury amenities, with an immediate intention to proceed with the purchase.","[""investor"", ""premium lead"", ""beachfront property"", ""immediate interest""]",Hot,3cf934e5b6731fbf30b4668da82eae03f94b803b48c33bc62361436fa4afe762
2026-01-24T09:25:50.597497,5580444c-2b56,Ahmed Mostafa,01012345678,Badya,West,Villa,12000000,15000000,Personal Use,6-12 Months,Requesting more project details via email,"Ahmed is exploring luxury villas for personal use in West Cairo. Although his timeline is flexible, he is curious to learn more about Project Badya and its offerings.","[""luxury"", ""villa"", ""personal use"", ""long-term""]",Warm,3cf934e5b6731fbf30b4668da82eae03f94b803b48c33bc62361436fa4afe762
2026-01-24T05:22:53.191296,a6ff743a-b62e,Ahmed El-Sayed,01098765432,Village Gardens Katameya,East,Apartment,5000000,6000000,Investment,1-3 Months,Schedule Visit,Ahmed is interested in purchasing an apartment in Village Gardens Katameya for investment purposes. He has a flexible timeline within 1-3 months and is keen on scheduling a visit to explore the property in person.,"[""investment"", ""apartment"", ""medium-timeline"", ""village-gardens-katameya""]",Hot,3cf934e5b6731fbf30b4668da82eae03f94b803b48c33bc62361436fa4afe762
2026-01-22T21:40:48.046837,2a12dadc-f6c0,Ahmed Khaled,01012345678,Palm Hills Alexandria,Alex,Villa,22000000,25000000,Personal Use,1-3 Months,Schedule Visit,Ahmed is looking to purchase a luxury villa in Palm Hills Alexandria for personal use within the next 1-3 months. He has a flexible budget and is keen on exploring the property in person to finalize his decision.,"[""luxury buyer"", ""villa"", ""medium timeline"", ""warm lead""]",Hot,3cf934e5b6731fbf30b4668da82eae03f94b803b48c33bc62361436fa4afe762
2026-01-22T20:35:19.513271,6daadd96-4735,Ahmed Khaled,01012345678,Hale Town,West,Villa,5000000,7500000,Investment,Immediate,Schedule Visit,Ahmed Khaled is a high-net-worth investor looking to acquire a luxury villa in Project Hale Town for immediate investment purposes. He is particularly interested in high-end units that align with his budget and require no delays in decision-making.,"[""hot lead"", ""investment"", ""luxury villa"", ""immediate timeline""]",Hot,3cf934e5b6731fbf30b4668da82eae03f94b803b48c33bc62361436fa4afe762
2026-01-22T14:43:51.795866,5a2a572f-5c9c,Ahmed El-Sayed,01012345678,Hacienda White,Coast,Villa,5000000,7000000,Personal Use,Immediate,Schedule Visit,Ahmed is highly interested in purchasing a luxury villa at Hacienda White for immediate personal use. He is ready to proceed quickly and ensures his budget aligns with the starting price of the units.,"[""hot lead"", ""personal use"", ""luxury villa"", ""immediate buyer""]",Hot,3cf934e5b6731fbf30b4668da82eae03f94b803b48c33bc62361436fa4afe762
2026-01-21T11:40:52.472246,c4effafa-97d7,Ahmed El-Sayed,01012345678,Casa,West,Villa,5000000,7000000,Investment,Immediate,Schedule Visit,"Ahmed, an experienced investor in luxury real estate, is looking for a premium villa in Project Casa in West for immediate purchase. He is highly motivated, with a budget aligned to the project's starting price and a focus on future capital appreciation.","[""high-quality lead"", ""investor"", ""Project Casa""]",Hot,3cf934e5b6731fbf30b4668da82eae03f94b803b48c33bc62361436fa4afe762
2026-01-19T15:08:25.908546,0b475ec4-c4c6,Omar El-Sayed,01012345678,Palm Hills New Cairo,East,Villa,9000000,10000000,Personal Use,Immediate,Schedule Visit,Omar is a high-net-worth individual looking to purchase a luxury villa for personal use in Palm Hills New Cairo. He is ready to move forward immediately and has a budget that comfortably aligns with the project offerings.,"[""high-net-worth"", ""immediate buyer"", ""luxury villa"", ""Palm Hills New Cairo""]",Hot,3cf934e5b6731fbf30b4668da82eae03f94b803b48c33bc62361436fa4afe762
2026-01-18T09:01:55.442127,65b0da3f-8aed,Omar Khaled,01012345678,Bamboo,West,Apartment,4500000,5500000,Investment,6-12 Months,Request Brochure,Omar Khaled is interested in exploring investment opportunities in upscale developments such as Project Bamboo. He is in the early stages of research and wants more details to evaluate the project’s potential ROI.,"[""investment"", ""apartment"", ""cold lead"", ""new inquiry""]",Warm,3cf934e5b6731fbf30b4668da82eae03f94b803b48c33bc62361436fa4afe762
2026-01-18T07:43:49.783071,564727db-fb5d,Ahmed Mostafa,01012345678,Golf Views,West,Villa,5000000,7000000,Investment,1-3 Months,Schedule Visit,Ahmed is looking for a premium villa for investment purposes within a gated community. He is interested in the Golf Views project in West and prefers to proceed within the next 1-3 months.,"[""investment"", ""luxury villa"", ""Golf Views"", ""West Egypt""]",Hot,3cf934e5b6731fbf30b4668da82eae03f94b803b48c33bc62361436fa4afe762
2026-01-17T15:39:23.453091,915338ab-c68f,Ahmed Khaled,01012345678,New Capital Gardens,New_Capital,Villa,5000000,6000000,Investment,1-3 Months,Schedule Visit,Ahmed Khaled is looking to invest in a luxury villa in New Capital Gardens within the next couple of months. He is particularly interested in properties with strong investment potential and high-quality amenities.,"[""investment"", ""villa"", ""new capital"", ""high budget"", ""warm lead""]",Hot,3cf934e5b6731fbf30b4668da82eae03f94b803b48c33bc62361436fa4afe762
2026-01-17T08:51:35.301875,c50f92d8-2144,Ahmed Khaled,01012345678,The Village,East,Apartment,4500000,5500000,Investment,3-6 Months,Call Back,Ahmed Khaled is exploring real estate investment opportunities in East Cairo and is drawn to The Village's high-end offerings. He is in the research phase and has requested a follow-up call to understand the available units and potential ROI.,"[""cold lead"", ""investment"", ""East Cairo"", ""The Village""]",Warm,3cf934e5b6731fbf30b4668da82eae03f94b803b48c33bc62361436fa4afe762
2026-01-17T06:39:16.357349,73de96a9-4367,Ahmed Khaled,01098765432,Hacienda Waters 2,Coast,Villa,5000000,7500000,Personal Use,1-3 Months,Schedule Visit,"Ahmed Khaled is interested in purchasing a villa at Hacienda Waters 2 for personal use within the next 1-3 months. He has a budget range of 5,000,000 to 7,500,000 EGP and would like to schedule a site visit to explore available options.","[""villa"", ""premium buyer"", ""personal use"", ""1-3 months""]",Hot,3cf934e5b6731fbf30b4668da82eae03f94b803b48c33bc62361436fa4afe762
2026-01-16T16:20:53.154706,10b1a984-9564,Ahmed Khalil,01012345678,Village Gardens Katameya,East,Villa,5000000,7500000,Investment,Immediate,Schedule Visit,"Ahmed Khalil, a seasoned investor, is highly interested in acquiring a villa at Village Gardens Katameya for immediate investment purposes. He is ready to move forward with scheduling a visit and exploring available units within his budget range.","[""investment"", ""hot-lead"", ""luxury-real-estate"", ""villa"", ""immediate-action""]",Hot,3cf934e5b6731fbf30b4668da82eae03f94b803b48c33bc62361436fa4afe762
2026-01-16T09:29:32.952847,8052619a-bbf9,Ahmed Khaled,01012345678,Bamboo Extension,West,Villa,5000000,7000000,Investment,1-3 Months,Schedule Visit,Ahmed Khaled is an investor looking to purchase a premium villa within a budget of 5-7 million EGP in the Bamboo Extension project. He is planning to make a decision within the next 1-3 months and is eager to schedule a visit to explore the available options.,"[""investment"", ""villa"", ""premium buyer"", ""medium urgency""]",Hot,3cf934e5b6731fbf30b4668da82eae03f94b803b48c33bc62361436fa4afe762
2026-01-16T06:17:08.025548,d71e3b45-f565,Karim El-Sayed,01012345678,Jirian Palm Hills,West,Villa,5000000,7000000,Personal Use,1-3 Months,Schedule Visit,"Karim is exploring options for a luxury villa in Jirian Palm Hills for personal use, with plans to finalize a purchase within the next 1-3 months. He is looking for a property that aligns with his high-end lifestyle and is in the specified budget range.","[""premium"", ""villa"", ""personal use"", ""warm lead""]",Hot,3cf934e5b6731fbf30b4668da82eae03f94b803b48c33bc62361436fa4afe762
2026-01-16T03:05:21.240956,760c1291-d29a,Omar El-Masry,01012345678,Golf Central,West,Villa,7000000,9000000,Investment,Immediate,Schedule Visit,"Omar is an investor interested in acquiring a luxury villa in Golf Central, West, as part of his premium real estate portfolio. He is looking to finalize a purchase immediately and has the budget to secure high-end units in the development.","[""hot lead"", ""luxury real estate"", ""villa"", ""investment"", ""immediate timeline""]",Hot,3cf934e5b6731fbf30b4668da82eae03f94b803b48c33bc62361436fa4afe762
2026-01-15T19:13:36.725886,349e0bf7-f1d3,Ahmed El Sayed,01012345678,The Crown,West,Villa,50000000,55000000,Investment,1-3 Months,Schedule Visit,"Ahmed El Sayed is a business owner looking to invest in a high-end villa at The Crown, West Cairo. He is particularly interested in properties with strong rental yields and future appreciation potential.","[""investment"", ""villa"", ""medium-timeline"", ""high-budget""]",Hot,3cf934e5b6731fbf30b4668da82eae03f94b803b48c33bc62361436fa4afe762
2026-01-15T16:18:58.819161,a11bb396-0a21,Youssef El-Wakeel,01012345678,Palmet New Cairo,East,Villa,5000000,6000000,Personal Use,1-3 Months,Schedule Visit,Youssef is looking for a luxury villa in New Cairo for personal use within the next 1-3 months. He is particularly interested in high-end developments like Palmet and prefers properties within his budget range of 5M to 6M EGP.,"[""New Cairo"", ""villa"", ""medium timeline"", ""personal use"", ""luxury property""]",Hot,3cf934e5b6731fbf30b4668da82eae03f94b803b48c33bc62361436fa4afe762
2026-01-15T11:28:12.834905,fb6281cf-34dc,Kareem El-Sayed,01012345678,WoodVille,West,Villa,5000000,7000000,Personal Use,1-3 Months,Schedule Visit,Kareem is looking to purchase a villa in the WoodVille project for personal use within the next 1-3 months. He has a budget of 5-7M EGP and is interested in scheduling a site visit to explore available units.,"[""warm"", ""personal use"", ""villa"", ""1-3 months"", ""West Cairo""]",Hot,3cf934e5b6731fbf30b4668da82eae03f94b803b48c33bc62361436fa4afe762
2026-01-15T07:12:35.504596,47b5d819-60b2,Omar El-Sayed,01012345678,Bamboo Extension,West,Villa,5000000,7000000,Investment,1-3 Months,Schedule Visit,Omar is looking to invest in a premium villa in West Cairo's Bamboo Extension project within the next 1-3 months. He values the potential for long-term returns and is interested in scheduling a visit to explore unit options.,"[""investment"", ""villa"", ""west cairo"", ""premium buyer""]",Hot,3cf934e5b6731fbf30b4668da82eae03f94b803b48c33bc62361436fa4afe762
2026-01-15T00:07:53.039499,e0c33416-f9c5,Ahmed El-Gohary,01012345678,Hacienda West,Coast,Villa,30000000,35000000,Investment,1-3 Months,Schedule Visit,Ahmed El-Gohary is a mid-level investor with a keen interest in Hacienda West as a high-potential investment opportunity. He is ready to proceed within 1-3 months and seeks a luxury villa within the specified budget range.,"[""investment"", ""Hacienda West"", ""premium buyer"", ""villa""]",Hot,3cf934e5b6731fbf30b4668da82eae03f94b803b48c33bc62361436fa4afe762
2026-01-14T12:22:37.881993,4b2000f7-326e,Ahmed Khaled,01012345678,Palm Valley,West,Villa,4000000,5500000,Investment,4-6 Months,Request Brochure,Ahmed is casually exploring luxury real estate opportunities in West Egypt for investment purposes. He has expressed mild interest but is not in a hurry to make a decision.,"[""cold lead"", ""investment"", ""luxury"", ""exploratory""]",Warm,3cf934e5b6731fbf30b4668da82eae03f94b803b48c33bc62361436fa4afe762
2026-01-12T16:22:27.534927,545ad92b-b688,Youssef Khaled,01012345678,Palm Hills Katameya 2,East,Villa,6000000,8000000,Personal Use,Immediate,Schedule Visit,"Youssef Khaled is actively seeking a high-end villa for personal use in Palm Hills Katameya 2, with an immediate timeline for purchase. He is ready to invest within the range of 6-8 million EGP and is keen on scheduling a visit to explore options.","[""villa"", ""high-budget"", ""immediate"", ""personal-use"", ""Palm Hills Katameya 2""]",Hot,3cf934e5b6731fbf30b4668da82eae03f94b803b48c33bc62361436fa4afe762
2026-01-11T22:42:43.945752,82340d92-288d,Ahmed El-Sayed,01012345678,Palm Hills Alexandria,Alex,Villa,23000000,25000000,Investment,Immediate,Schedule Visit,"Ahmed, a successful business owner in Alexandria, is looking to invest in a luxury villa at Palm Hills Alexandria as part of his portfolio expansion. He has expressed immediate interest and is keen on scheduling a site visit to evaluate options personally.","[""investment"", ""high-budget"", ""luxury"", ""immediate""]",Hot,3cf934e5b6731fbf30b4668da82eae03f94b803b48c33bc62361436fa4afe762
2026-01-10T07:17:27.481610,c0941239-6cd8,Ahmed Kamal,01023456789,Bamboo III,West,Apartment,4000000,6000000,Investment,3-6 Months,Email Brochure,"Ahmed Kamal is exploring investment opportunities in the West area and is interested in learning more about Project Bamboo III. His budget aligns with the starting price, but he is in the early stages of consideration and would like additional information to evaluate the project further.","[""investment"", ""apartment"", ""cold lead""]",Warm,3cf934e5b6731fbf30b4668da82eae03f94b803b48c33bc62361436fa4afe762
2026-01-09T15:14:55.571246,aa05405d-f030,Ahmed Khaled,01012345678,Crown Central,West,Apartment,5000000,6000000,Investment,3-6 Months,Call Back,Ahmed is exploring real estate opportunities in West Egypt for investment purposes. He is currently researching options but is not in a rush to make a decision.,"[""investment"", ""first_contact"", ""cold_lead""]",Warm,3cf934e5b6731fbf30b4668da82eae03f94b803b48c33bc62361436fa4afe762
2026-01-09T12:27:16.235363,7192d5cf-336c,Ahmed Mostafa,01012345678,Village Gardens Katameya,East,Villa,5000000,6500000,Investment,Immediate,Schedule Visit,Ahmed is a seasoned investor seeking a premium villa in a high-demand area like Village Gardens Katameya for immediate acquisition. He is focused on maximizing returns through long-term capital appreciation.,"[""investor"", ""premium"", ""immediate"", ""villa"", ""luxury real estate""]",Hot,3cf934e5b6731fbf30b4668da82eae03f94b803b48c33bc62361436fa4afe762
2026-01-09T12:20:47.752767,0ada0459-40d6,Omar El-Sayed,01012345678,Bamboo III,West,Villa,5000000,7000000,Investment,Immediate,Schedule Visit,Omar is a seasoned investor seeking premium properties for high ROI opportunities. He is particularly interested in a villa at Project Bamboo III in West and is ready to proceed immediately upon finding a suitable unit.,"[""hot"", ""investor"", ""premium"", ""luxury property"", ""immediate timeline""]",Hot,3cf934e5b6731fbf30b4668da82eae03f94b803b48c33bc62361436fa4afe762
2026-01-09T07:16:30.876380,00921698-ee0f,Ahmed Khaled,01012345678,Village Gate,East,Apartment,4500000,5500000,Personal Use,6-12 Months,Request More Information,"Ahmed Khaled is exploring potential options for purchasing an apartment for personal use in Village Gate. While his timeline is flexible, he is curious about the project's offerings and pricing structure to fit his financial range.","[""cold lead"", ""early-stage"", ""apartment"", ""personal use""]",Warm,3cf934e5b6731fbf30b4668da82eae03f94b803b48c33bc62361436fa4afe762
2026-01-08T21:44:10.330174,b64b6d33-d595,Ahmed Khaled,01012345678,The Crown,West,Villa,50000000,55000000,Investment,1-3 Months,Schedule Visit,Ahmed Khaled is interested in purchasing a premium villa at The Crown in West Cairo for investment purposes. He is looking to close the deal within the next 1-3 months and is eager to visit the site for further evaluation.,"[""investment"", ""villa"", ""premium buyer"", ""warm lead""]",Hot,3cf934e5b6731fbf30b4668da82eae03f94b803b48c33bc62361436fa4afe762
2026-01-07T17:15:25.413297,0b84fc38-fe10,Ahmed El-Sayed,01012345678,Palm Hills New Cairo,East,Villa,8500000,9500000,Investment,1-3 Months,Schedule Visit,Ahmed is interested in purchasing a villa in Palm Hills New Cairo for investment purposes within the next 1-3 months. He has a budget range of 8.5M-9.5M EGP and would like to schedule a site visit to explore the project further.,"[""investment"", ""villa"", ""premium buyer"", ""1-3 months timeline""]",Hot,3cf934e5b6731fbf30b4668da82eae03f94b803b48c33bc62361436fa4afe762
2026-01-07T11:16:51.873161,49d298e9-7e7c,Youssef Ahmed,01012345678,97 Hills,East,Villa,35000000,40000000,Investment,1-3 Months,Schedule Visit,Youssef Ahmed is a seasoned investor exploring opportunities in premium developments in East Cairo. He is particularly interested in villas within the 97 Hills project and is looking to finalize a decision within the next 1-3 months.,"[""investment"", ""warm lead"", ""premium buyer"", ""villa""]",Hot,3cf934e5b6731fbf30b4668da82eae03f94b803b48c33bc62361436fa4afe762
2026-01-07T03:00:09.726767,66451bb5-f0e0,Omar El-Sayed,01012345678,Hacienda Bay,Coast,Villa,20000000,30000000,Personal Use,1-3 Months,Schedule Visit,Omar El-Sayed is a mid-level warm lead interested in purchasing a luxury villa at Hacienda Bay for personal use. He is actively considering options and plans to finalize his decision within the next 1-3 months.,"[""premium buyer"", ""villa"", ""personal use"", ""coast"", ""medium timeline""]",Hot,3cf934e5b6731fbf30b4668da82eae03f94b803b48c33bc62361436fa4afe762
2026-01-06T10:36:57.600745,e5a14a83-87dd,Ahmed Farouk,01012345678,Palmet New Cairo,East,Apartment,4500000,5500000,Exploring Investment Opportunities,6-12 Months,Call Back,Ahmed is casually exploring investment opportunities in New Cairo and has expressed initial interest in the Palmet project. He is not in a rush to make a decision and is open to learning more about available options within his budget range.,"[""low priority"", ""investment"", ""New Cairo"", ""apartment""]",Warm,3cf934e5b6731fbf30b4668da82eae03f94b803b48c33bc62361436fa4afe762
2026-01-06T01:25:07.836087,530116a0-e6ab,Karim El-Sayed,01012345678,97 Hills,East,Villa,37000000,40000000,Personal Use,Immediate,Schedule Visit,Karim is seeking a luxurious villa for personal use in East Cairo with immediate availability. He is highly interested in premium developments like 97 Hills and is ready to proceed with a site visit soon.,"[""hot lead"", ""luxury buyer"", ""villa"", ""immediate timeline""]",Hot,3cf934e5b6731fbf30b4668da82eae03f94b803b48c33bc62361436fa4afe762
2026-01-04T11:29:22.790939,8ded0014-7b34,Ahmed Farouk,01012345678,Palmet New Cairo,East,Villa,5000000,7000000,Personal Use,1-3 Months,Schedule Visit,Ahmed Farouk is exploring premium villas in New Cairo for personal use within the next 1-3 months. He is particularly interested in the Palmet project and aligns his budget with the starting range of the offered units.,"[""villa"", ""personal use"", ""New Cairo"", ""medium lead"", ""Palmet project""]",Hot,3cf934e5b6731fbf30b4668da82eae03f94b803b48c33bc62361436fa4afe762
2026-01-04T07:13:58.601877,d03a62de-c34c,Ahmed Hassan,01012345678,Hale Town,West,Apartment,5000000,7000000,Investment,Immediate,Schedule Visit,Ahmed is a high-net-worth investor based in Cairo looking to diversify his portfolio with a premium property in the West of Egypt. He is highly interested in Hale Town’s luxury apartments due to their strong investment potential and immediate availability.,"[""hot lead"", ""investor"", ""luxury property"", ""immediate timeline""]",Hot,3cf934e5b6731fbf30b4668da82eae03f94b803b48c33bc62361436fa4afe762
2026-01-04T02:57:04.749270,7a37f158-46c1,Ahmed Mahmoud,01012345678,Golf Views,West,Apartment,4500000,5500000,Investment,3-6 Months,Request Brochure,Ahmed is exploring high-end real estate options in West Egypt for investment purposes. He is interested in the Golf Views project and wants to receive more details before making a decision in the next few months.,"[""investment"", ""luxury real estate"", ""cold lead""]",Warm,3cf934e5b6731fbf30b4668da82eae03f94b803b48c33bc62361436fa4afe762
2026-01-03T14:27:00.007190,25653501-fc58,Ahmed Khaled,01012345678,Hacienda Heneish,Coast,Villa,15000000,17000000,Personal Use,6+ Months,Request More Information,Ahmed Khaled has expressed light interest in exploring high-end villas at Hacienda Heneish for personal use in the coming year. He is curious about the lifestyle offerings and pricing details but is not in a rush to make a purchase decision.,"[""cold"", ""villa"", ""personal_use"", ""long_term""]",Warm,3cf934e5b6731fbf30b4668da82eae03f94b803b48c33bc62361436fa4afe762
2026-01-03T06:36:43.676010,61c2a476-75e7,Ahmed Khaled,01012345678,Golf Views,West,Apartment,4500000,5500000,Investment,6-12 Months,Call Back,Ahmed Khaled is exploring upscale investment opportunities in West Cairo. He shows a mild interest in the Golf Views project but is still in the early stages of his decision-making process.,"[""investment"", ""cold lead"", ""apartment seeker"", ""early stage""]",Warm,3cf934e5b6731fbf30b4668da82eae03f94b803b48c33bc62361436fa4afe762
2026-01-02T23:26:52.654843,b227942a-5ca1,Amr El-Sayed,01012345678,The Lane,West,Villa,5000000,7500000,Investment,1-3 Months,Schedule Visit,Amr El-Sayed is interested in purchasing a villa in The Lane project for investment purposes. He is planning to make a decision within the next 1-3 months and is open to exploring options within his budget range.,"[""investment"", ""villa"", ""medium timeline"", ""premium interest""]",Hot,3cf934e5b6731fbf30b4668da82eae03f94b803b48c33bc62361436fa4afe762
2026-01-01T20:30:55.664806,1c065d11-0964,Ahmed Mostafa,01012345678,Palm Valley,West,Villa,5000000,7000000,Investment,1-3 Months,Schedule Visit,Ahmed is exploring premium properties in Palm Valley for investment purposes and is particularly interested in villas within the 5-7 million EGP range. He is planning to make a decision within the next 1-3 months and would like to schedule a site visit to assess the project further.,"[""investment"", ""premium developer"", ""villa"", ""Palm Valley"", ""warm lead""]",Hot,3cf934e5b6731fbf30b4668da82eae03f94b803b48c33bc62361436fa4afe762
2026-01-01T18:47:25.294591,ed75eecf-fe67,Ahmed Khaled,01012345678,The Crown,West,Villa,50000000,55000000,Investment,1-3 Months,Schedule Visit,"Ahmed Khaled is exploring premium investment opportunities and has expressed a specific interest in The Crown project in West Egypt. He is focused on villas and aims to make a decision within the next 1-3 months, aligning with his budget of EGP 50M - 55M.","[""investment"", ""villa"", ""premium"", ""Egypt"", ""high-budget""]",Hot,3cf934e5b6731fbf30b4668da82eae03f94b803b48c33bc62361436fa4afe762
2026-01-01T01:14:02.291822,ae3a4217-7b21,Amr Hassan,01012345678,Village Gardens Katameya,East,Villa,5000000,8000000,Investment,Immediate,Schedule Visit,Amr Hassan is a seasoned investor looking to expand his portfolio with a premium villa in Village Gardens Katameya. He is ready to move forward immediately and is highly interested in exploring the project's offerings.,"[""hot lead"", ""investment"", ""premium buyer"", ""immediate action""]",Hot,3cf934e5b6731fbf30b4668da82eae03f94b803b48c33bc62361436fa4afe762
2025-12-31T09:07:08.094012,f839ec63-f2af,Ahmed Khaled,01012345678,Hacienda Waters 2,Coast,Villa,5000000,7000000,Investment,1-3 Months,Schedule Visit,"Ahmed Khaled is interested in purchasing a villa at Hacienda Waters 2 for investment purposes and is exploring opportunities within the next 1-3 months. He has a flexible budget ranging from 5,000,000 EGP to 7,000,000 EGP and is eager to schedule a site visit for assessment.","[""investment"", ""villa"", ""beachfront property"", ""medium timeline"", ""luxury real estate""]",Hot,3cf934e5b6731fbf30b4668da82eae03f94b803b48c33bc62361436fa4afe762
2025-12-31T01:22:49.165400,028b3c17-2673,Youssef Khaled,01012345678,Hacienda Heneish,Coast,Villa,15000000,17000000,Investment,3-6 Months,Request Brochure,"Youssef Khaled is exploring premium investment opportunities in the North Coast region of Egypt. He is considering Hacienda Heneish as a potential option, but remains in the early stages of research and decision-making.","[""investment interest"", ""early-stage"", ""low-priority""]",Warm,3cf934e5b6731fbf30b4668da82eae03f94b803b48c33bc62361436fa4afe762
2025-12-30T16:26:35.087743,288b4882-6058,Ahmed Hassan,01012345678,Bamboo,West,Villa,5000000,7000000,Investment,1-3 Months,Schedule Visit,"Ahmed is exploring premium investment opportunities in West Cairo and is particularly drawn to Project Bamboo for its modern amenities and strategic location. He plans to finalize a property within the next 1-3 months, focusing on villas that align with his budget and high ROI expectations.","[""investment"", ""villa"", ""premium"", ""West Cairo""]",Hot,3cf934e5b6731fbf30b4668da82eae03f94b803b48c33bc62361436fa4afe762
2025-12-30T10:30:57.644118,90ef4170-6c7a,Ahmed Khalil,01012345678,WoodVille,West,Villa,5000000,6500000,Investment,1-3 Months,Schedule Visit,Ahmed is looking to invest in a premium villa in the West area for long-term value appreciation. He has a flexible timeline and a solid budget aligned with Project WoodVille's range.,"[""investment"", ""villa"", ""high-budget"", ""medium-timeline""]",Hot,3cf934e5b6731fbf30b4668da82eae03f94b803b48c33bc62361436fa4afe762
2025-12-29T12:34:42.236655,1a45874d-c9e1,Ahmed Mostafa,01012345678,Palm Hills Alexandria,Alex,Villa,20000000,25000000,Investment,1-3 Months,Schedule Visit,Ahmed is interested in purchasing a villa in Palm Hills Alexandria for investment purposes. He is exploring options and wants to schedule a visit to assess the property within the next 1-3 months.,"[""investment"", ""villa"", ""Palm Hills Alexandria"", ""premium budget""]",Hot,3cf934e5b6731fbf30b4668da82eae03f94b803b48c33bc62361436fa4afe762
2025-12-29T03:59:54.453319,06bc169c-7de0,Ahmed Khaled,01012345678,Palm Central,West,Apartment,4000000,6000000,Investment,6-12 Months,Request Brochure,Ahmed is exploring potential investment opportunities in luxury real estate and has shown casual interest in Palm Central. He is not in a rush to make a decision and is looking to gather more information about unit options and prices.,"[""investor"", ""long-term interest"", ""apartment""]",Warm,3cf934e5b6731fbf30b4668da82eae03f94b803b48c33bc62361436fa4afe762
2025-12-29T00:28:05.745347,f3727386-a2ce,Ahmed Youssef,01098765432,Golf Central,West,Apartment,4500000,5500000,Investment,6-12 Months,Request Brochure,Ahmed is exploring potential investment opportunities in premium real estate and is interested in learning more about Golf Central in West. He is seeking a high-value apartment with potential for good returns within the next year.,"[""investor"", ""long-term"", ""apartment"", ""cold-lead""]",Warm,3cf934e5b6731fbf30b4668da82eae03f94b803b48c33bc62361436fa4afe762
2025-12-28T22:49:01.010229,92b694d2-09d9,Ahmed Mostafa,01098765432,Village Gardens Katameya,East,Villa,5000000,7000000,Personal Use,1-3 Months,Schedule Visit,"Ahmed is looking for a villa in East Cairo for personal use, with a budget of 5 to 7 million EGP. He is planning to finalize his decision within the next 1-3 months and is interested in visiting the Village Gardens Katameya project.","[""personal use"", ""villa"", ""medium budget"", ""warm lead""]",Hot,3cf934e5b6731fbf30b4668da82eae03f94b803b48c33bc62361436fa4afe762
2025-12-28T22:32:49.763861,01550403-7a30,Ahmed Khaled,01012345678,P/X,West,Villa,5000000,7000000,Investment,1-3 Months,Schedule Visit,Ahmed is a mid-level investor exploring premium properties in West Egypt for long-term appreciation. He is particularly interested in villas within his budget range and is looking to finalize a decision in the next 1-3 months.,"[""investment"", ""villa"", ""premium developer"", ""West Egypt""]",Hot,3cf934e5b6731fbf30b4668da82eae03f94b803b48c33bc62361436fa4afe762
2025-12-28T20:29:34.033179,697638ae-0579,Ahmed Mostafa,01012345678,St. 88,unknown,Apartment,4000000,5500000,Investment,3-6 Months,Call Back,"Ahmed Mostafa is interested in exploring investment opportunities in premium real estate projects, particularly apartments within a budget range close to the starting price of Project St. 88. He is early in his decision-making process and would like more details about the project before committing to a visit.","[""cold lead"", ""investment"", ""low urgency"", ""apartment""]",Warm,3cf934e5b6731fbf30b4668da82eae03f94b803b48c33bc62361436fa4afe762
2025-12-26T21:15:37.886404,f4eebe51-81a4,Ahmed Mostafa,01098765432,WoodVille,West,Villa,4500000,5500000,Investment,6+ Months,Call Back,Ahmed is a professional interested in exploring investment opportunities in West Cairo. He has a general interest in premium villas but is not planning to make a decision immediately.,"[""cold-lead"", ""investment-focused"", ""West-Cairo"", ""villa-interested""]",Warm,3cf934e5b6731fbf30b4668da82eae03f94b803b48c33bc62361436fa4afe762
2025-12-26T05:48:56.731689,8cc9e6a4-fe08,Ahmed El-Sayed,01012345678,Village Gardens Katameya,East,Apartment,4000000,6000000,Investment,6-12 Months,Request More Information,Ahmed is exploring potential investment opportunities in premium real estate projects in East Cairo. He is interested in Village Gardens Katameya but is in the early stages of research.,"[""investment"", ""early-stage"", ""east-cairo""]",Warm,3cf934e5b6731fbf30b4668da82eae03f94b803b48c33bc62361436fa4afe762
2025-12-25T23:32:22.366946,ff94e872-f2d2,Karim El-Masry,01012345678,Golf Extension,West,Villa,5000000,7000000,Personal Use,1-3 Months,Schedule Visit,Karim is looking for a villa in the Golf Extension project in West Cairo for personal use. He has a flexible budget and plans to make a decision within the next 1-3 months.,"[""West Cairo"", ""Golf Extension"", ""Villa"", ""Personal Use""]",Warm,3cf934e5b6731fbf30b4668da82eae03f94b803b48c33bc62361436fa4afe762
2025-12-25T16:55:07.852052,576141c6-2773,Ahmed Khaled,01012345678,Bamboo,West,Villa,5500000,7000000,Investment,1-3 Months,Schedule Visit,"Ahmed Khaled is an interested investor looking to purchase a villa in Project Bamboo, West Egypt, within the next 1-3 months. He has a budget range of 5.5M to 7M EGP and is looking for a property that will provide high rental yield or capital appreciation.","[""investment"", ""villa"", ""premium developer"", ""Project Bamboo""]",Hot,3cf934e5b6731fbf30b4668da82eae03f94b803b48c33bc62361436fa4afe762
2025-12-25T12:33:36.735988,dce1f460-2cce,Omar Khaled,01012345678,Golf Central,West,Villa,5000000,7000000,Investment,Immediate,Schedule Visit,Omar Khaled is a seasoned investor looking to expand his real estate portfolio with a premium villa in Golf Central. He is ready to proceed immediately and has a flexible budget within the project's range.,"[""investor"", ""high-budget"", ""immediate-timeline"", ""villa"", ""premium-project""]",Hot,3cf934e5b6731fbf30b4668da82eae03f94b803b48c33bc62361436fa4afe762
2025-12-25T11:14:59.141672,865e5c81-85a2,Ahmed El-Sayed,01011223344,Golf Central,West,Villa,7000000,9000000,Investment,Immediate,Schedule Visit,"Ahmed El-Sayed, a seasoned investor, is looking to acquire a premium villa in Golf Central West for immediate investment opportunities. With a budget of 7-9 million EGP, Ahmed is highly interested in exploring the project's offerings and scheduling a visit soon.","[""hot lead"", ""high budget"", ""investor"", ""immediate timeline""]",Hot,3cf934e5b6731fbf30b4668da82eae03f94b803b48c33bc62361436fa4afe762
2025-12-24T22:13:54.243918,ccd2f64f-cf3a,Ahmed Youssef,01012345678,Golf Extension,West,Villa,5000000,7000000,Investment,1-3 Months,Schedule Visit,"Ahmed Youssef is exploring investment opportunities in the premium Golf Extension project in West. He is particularly interested in villas and plans to make a decision within the next 1-3 months, with a budget range of 5M-7M EGP.","[""investment"", ""villa"", ""1-3 months"", ""premium buyer""]",Hot,3cf934e5b6731fbf30b4668da82eae03f94b803b48c33bc62361436fa4afe762
2025-12-23T19:48:57.714321,4674e4b7-9703,Ahmed El-Sayed,01012345678,Hacienda Heneish,Coast,Villa,17000000,20000000,Personal Use,Immediate,Schedule Visit,Ahmed El-Sayed is looking for a luxurious villa in Hacienda Heneish for personal use to enjoy exclusive coastal living. He is ready to take immediate action and has a budget aligned with the project's starting price and beyond.,"[""luxury"", ""high-budget"", ""immediate-action"", ""villa-interest"", ""coastal-living""]",Hot,3cf934e5b6731fbf30b4668da82eae03f94b803b48c33bc62361436fa4afe762
2025-12-23T01:59:29.732884,81e5f648-4a06,Ahmed Youssef,01012345678,Jirian Palm Hills,West,Apartment,4000000,5500000,Investment,6-12 Months,Email Brochure,Ahmed Youssef expressed a general interest in exploring opportunities for real estate investment in the West Cairo area. He is particularly intrigued by Project Jirian Palm Hills but remains in a preliminary research phase.,"[""investment"", ""cold lead"", ""apartment""]",Warm,3cf934e5b6731fbf30b4668da82eae03f94b803b48c33bc62361436fa4afe762
2025-12-22T10:24:59.467003,250da0ae-7eb6,Ahmed El-Sayed,01012345678,Palmet New Cairo,East,Villa,5000000,7500000,Investment,Immediate,Schedule Visit,Ahmed El-Sayed is a seasoned investor looking for premium properties in East Cairo. He is highly interested in acquiring a villa in Project Palmet New Cairo and is ready to move forward immediately with a visit and further discussions.,"[""hot lead"", ""investment"", ""villa"", ""high budget"", ""immediate timeline""]",Hot,3cf934e5b6731fbf30b4668da82eae03f94b803b48c33bc62361436fa4afe762
2025-12-21T20:26:36.952592,28799f78-597f,Ahmed Mostafa,01012345678,Palm Hills Katameya 2,East,Villa,5500000,7000000,Personal Use,1-3 Months,Schedule Visit,Ahmed Mostafa is looking to purchase a luxury villa in Palm Hills Katameya 2 for personal use within the next 1-3 months. He has a flexible budget and is interested in scheduling a visit to explore available units.,"[""personal use"", ""villa"", ""medium priority"", ""Palm Hills Katameya 2""]",Hot,3cf934e5b6731fbf30b4668da82eae03f94b803b48c33bc62361436fa4afe762
2025-12-21T19:34:37.345578,b47f0d7d-75f0,Ahmed Mostafa,01012345678,Palm Hills Katameya 2,East,Villa,5000000,7000000,Investment,1-3 Months,Schedule Visit,Ahmed is looking to invest in a high-end villa within Palm Hills Katameya 2. He is interested in securing a property within the next 1-3 months for long-term growth potential in Egypt's luxury market.,"[""investment"", ""villa"", ""Palm Hills Katameya 2"", ""medium-lead""]",Hot,3cf934e5b6731fbf30b4668da82eae03f94b803b48c33bc62361436fa4afe762
2025-12-19T20:00:36.644115,4e08521f-a8bc,Ahmed Khaled,01012345678,Village Gate Mall,East,Apartment,5000000,7000000,Investment,1-3 Months,Schedule Visit,Ahmed Khaled is seeking to invest in a premium property within Village Gate Mall. He is particularly interested in apartments with high rental yield potential and plans to finalize his decision within the next three months.,"[""investment"", ""apartment"", ""premium"", ""medium-term timeline"", ""Village Gate Mall""]",Hot,3cf934e5b6731fbf30b4668da82eae03f94b803b48c33bc62361436fa4afe762
2025-12-19T02:28:46.516664,ffc01962-c5ca,Ahmed Khaled,01012345678,WoodVille,West,Villa,5000000,8000000,Investment,Immediate,Schedule Visit,Ahmed Khaled is an investor actively seeking a luxury villa at Project WoodVille in West with an immediate purchase timeline. He is looking for properties within a budget of 5M-8M EGP and is eager to schedule a site visit to explore available options.,"[""hot lead"", ""investment"", ""luxury villa"", ""immediate purchase""]",Hot,3cf934e5b6731fbf30b4668da82eae03f94b803b48c33bc62361436fa4afe762
